produkt,größe,preis,preis_numerisch,kontext,fehler
Sperrmüll,3,"381,17 €",381.17,"EUR 381,17*",
Bauschutt,3,"370,16 €",370.16,"EUR 370,16*",
Baumischabfall,7,"871,52 €",871.52,"EUR 871,52*",
Beton,7,"322,59 €",322.59,"EUR 322,59*",
Gartenabfall,10,"491,98 €",491.98,"EUR 491,98*",
Sperrmüll,10,"1.019,66 €",1019.66,"EUR 1.019,66*",
Dach-/Teerpappe Big Bag,1,"1.428,70 €",1428.7,"EUR 1.428,70*",
Beton,1,"55,00 €",55.0,"EUR 55,00*",
Holz,1,"39,00 €",39.0,"EUR 39,00*",
Abfallgemische,1,"109,00 €",109.0,"EUR 109,00*",
