produkt,größe,preis,preis_numerisch,kontext,fehler
Bauschutt / Boden siebfähig,3,"321,30 €",321.3,Bauschutt / Boden siebfähig 3m³,
Bauschutt / Boden siebfähig,5,"392,00 €",392.0,Bauschutt / Boden siebfähig 5m³,
Bauschutt,6,"471,00 €",471.0,Bauschutt 6m³,
Bauschutt,7,"549,00 €",549.0,Bauschutt 7m³,
Bauschutt,12,"942,00 €",942.0,Bauschutt 12m³,
Baumischabfall,3,"446,25 €",446.25,Baumischabfall 3 m³,
Baumischabfall,5,"535,00 €",535.0,Baumischabfall 5 m³,
Baumischabfall,6,"642,00 €",642.0,Baumischabfall 6 m³,
Baumischabfall,7,"761,01 €",761.01,Baumischabfall 7 m³,
Baumischabfall,10,"1.071,00 €",1071.0,Baumischabfall 10 m³,
Baumischabfall,12,"1.296,51 €",1296.51,Baumischabfall 12 m³,
Baumischabfall,13,"1.392,00 €",1392.0,Baumischabfall 13 m³,
Baumischabfall,15,"1.606,00 €",1606.0,Baumischabfall 15 m³,
Baumischabfall,20,"2.142,00 €",2142.0,Baumischabfall 20 m³,
Baumischabfall,28,"2.998,00 €",2998.0,Baumischabfall 28 m³,
Baumischabfall,30,"3.213,00 €",3213.0,Baumischabfall 30 m³,
Baumischabfall,36,"3.855,00 €",3855.0,Baumischabfall 36 m³,
Beton ohne Stahl,3,"214,20 €",214.2,Beton ohne Stahl 3m³,
Beton ohne Stahl,5,"285,00 €",285.0,Beton ohne Stahl 5m³,
Beton ohne Stahl,6,"342,00 €",342.0,Beton ohne Stahl 6m³,
Beton ohne Stahl,7,"399,00 €",399.0,Beton ohne Stahl 7m³,
Beton ohne Stahl,12,"685,00 €",685.0,Beton ohne Stahl 12m³,
Beton ohne Stahl,13,"742,00 €",742.0,Beton ohne Stahl 13m³,
Beton mit Stahl,3,"255,26 €",255.26,Beton mit Stahl 3 m³,
Beton mit Stahl,5,"321,00 €",321.0,Beton mit Stahl 5 m³,
Beton mit Stahl,6,"385,00 €",385.0,Beton mit Stahl 6 m³,
Beton mit Stahl,7,"449,00 €",449.0,Beton mit Stahl 7 m³,
Beton mit Stahl,12,"771,00 €",771.0,Beton mit Stahl 12 m³,
Beton mit Stahl,13,"835,00 €",835.0,Beton mit Stahl 13 m³,
Sperrmüll,3,"374,85 €",374.85,Sperrmüll 3 m³,
Sperrmüll,5,"422,00 €",422.0,Sperrmüll 5 m³,
Sperrmüll,6,"506,00 €",506.0,Sperrmüll 6 m³,
Sperrmüll,7,"591,00 €",591.0,Sperrmüll 7 m³,
Sperrmüll,10,"844,00 €",844.0,Sperrmüll 10 m³,
Sperrmüll,12,"1.013,00 €",1013.0,Sperrmüll 12 m³,
Sperrmüll,13,"1.098,00 €",1098.0,Sperrmüll 13 m³,
Sperrmüll,15,"1.267,00 €",1267.0,Sperrmüll 15 m³,
Sperrmüll,20,"1.689,00 €",1689.0,Sperrmüll 20 m³,
Sperrmüll,28,"2.365,00 €",2365.0,Sperrmüll 28 m³,
Sperrmüll,30,"2.534,00 €",2534.0,Sperrmüll 30 m³,
Sperrmüll,36,"3.041,00 €",3041.0,Sperrmüll 36 m³,
Holz,3,"241,00 €",241.0,Holz 3 m³,
Holz,5,"297,00 €",297.0,Holz 5 m³,
Holz,6,"357,00 €",357.0,Holz 6 m³,
Holz,7,"416,00 €",416.0,Holz 7 m³,
Holz,10,"595,00 €",595.0,Holz 10 m³,
Holz,12,"714,00 €",714.0,Holz 12 m³,
Holz,13,"773,00 €",773.0,Holz 13 m³,
Holz,15,"892,00 €",892.0,Holz 15 m³,
Holz,20,"1.190,00 €",1190.0,Holz 20 m³,
Holz,28,"1.666,00 €",1666.0,Holz 28 m³,
Holz,30,"1.796,31 €",1796.31,Holz 30 m³,
Holz,36,"2.142,00 €",2142.0,Holz 36 m³,
Gartenabfälle,3,"214,00 €",214.0,Gartenabfälle 3 m³,
Gartenabfälle,5,"249,00 €",249.0,Gartenabfälle 5 m³,
Gartenabfälle,6,"299,00 €",299.0,Gartenabfälle 6 m³,
Gartenabfälle,7,"349,00 €",349.0,Gartenabfälle 7 m³,
Gartenabfälle,10,"511,11 €",511.11,Gartenabfälle 10 m³,
Gartenabfälle,12,"599,00 €",599.0,Gartenabfälle 12 m³,
Gartenabfälle,13,"649,00 €",649.0,Gartenabfälle 13 m³,
Gartenabfälle,15,"749,00 €",749.0,Gartenabfälle 15 m³,
Gartenabfälle,20,"999,00 €",999.0,Gartenabfälle 20 m³,
Gartenabfälle,28,"1.399,00 €",1399.0,Gartenabfälle 28 m³,
Gartenabfälle,30,"1.499,00 €",1499.0,Gartenabfälle 30 m³,
Gartenabfälle,36,"1.799,00 €",1799.0,Gartenabfälle 36 m³,
Baumstämme Wurzeln,3,"446,00 €",446.0,Baumstämme Wurzeln 3 m³,
Baumstämme Wurzeln,5,"535,00 €",535.0,Baumstämme Wurzeln 5 m³,
Baumstämme Wurzeln,6,"642,00 €",642.0,Baumstämme Wurzeln 6 m³,
Baumstämme Wurzeln,7,"749,00 €",749.0,Baumstämme Wurzeln 7 m³,
Baumstämme Wurzeln,10,"1.071,00 €",1071.0,Baumstämme Wurzeln 10 m³,
Baumstämme Wurzeln,12,"1.285,00 €",1285.0,Baumstämme Wurzeln 12 m³,
Baumstämme Wurzeln,13,"1.392,00 €",1392.0,Baumstämme Wurzeln 13 m³,
Baumstämme Wurzeln,15,"1.606,00 €",1606.0,Baumstämme Wurzeln 15 m³,
Baumstämme Wurzeln,20,"2.142,00 €",2142.0,Baumstämme Wurzeln 20 m³,
Baumstämme Wurzeln,28,"2.998,00 €",2998.0,Baumstämme Wurzeln 28 m³,
Baumstämme Wurzeln,30,"3.213,00 €",3213.0,Baumstämme Wurzeln 30 m³,
Baumstämme Wurzeln,36,"3.855,00 €",3855.0,Baumstämme Wurzeln 36 m³,
unknown,unknown,unknown,,Sonderabfall,
unknown,unknown,unknown,,Selbstlader,
